"All","Asian","Black","Hispanic","White","state_name"
64.8518101218377,89.6488590118343,51.2896965667847,63.2598345152536,65.5147445232392,"United States"
